{"cameraMode":{"drawMode":0,"name":"Shaded","section":"Shading Mode"},"sceneLighting":false,"audioPlay":false,"sceneViewState":{"showFog":true,"showMaterialUpdate":false,"showSkybox":false,"showFlares":true,"showImageEffects":true,"showParticleSystems":true},"in2DMode":false,"pivot":{"x":-2.728733777999878,"y":1.8483738899230958,"z":0.7082180976867676},"rotation":{"x":-0.020467644557356836,"y":-0.7372763156890869,"z":0.022359220311045648,"w":-0.6749110221862793},"size":0.3082975745201111,"orthographic":false}