{"cameraMode":{"drawMode":0,"name":"Shaded","section":"Shading Mode"},"sceneLighting":true,"audioPlay":false,"sceneViewState":{"showFog":true,"showMaterialUpdate":false,"showSkybox":true,"showFlares":true,"showImageEffects":true,"showParticleSystems":true},"in2DMode":false,"pivot":{"x":11.473099708557129,"y":-11.670991897583008,"z":-6.345550537109375},"rotation":{"x":0.1746971160173416,"y":0.8103142976760864,"z":-0.2997584640979767,"w":0.47224631905555727},"size":24.631410598754884,"orthographic":false}