{"cameraMode":{"drawMode":0,"name":"Shaded","section":"Shading Mode"},"sceneLighting":false,"audioPlay":false,"sceneViewState":{"showFog":true,"showMaterialUpdate":false,"showSkybox":false,"showFlares":true,"showImageEffects":true,"showParticleSystems":true},"in2DMode":false,"pivot":{"x":-4.032316207885742,"y":-3.284726142883301,"z":1.1588033437728882},"rotation":{"x":0.30091795325279238,"y":-0.6385272741317749,"z":0.2992931306362152,"w":0.6419929265975952},"size":20.190364837646486,"orthographic":false}