{"cameraMode":{"drawMode":0,"name":"Shaded","section":"Shading Mode"},"sceneLighting":false,"audioPlay":false,"sceneViewState":{"showFog":true,"showMaterialUpdate":false,"showSkybox":false,"showFlares":true,"showImageEffects":true,"showParticleSystems":true},"in2DMode":false,"pivot":{"x":-0.18503326177597047,"y":1.1100718975067139,"z":0.853515625},"rotation":{"x":-0.148690864443779,"y":0.761063277721405,"z":-0.18771140277385713,"w":-0.602858304977417},"size":6.633124828338623,"orthographic":false}