{"cameraMode":{"drawMode":0,"name":"Shaded","section":"Shading Mode"},"sceneLighting":false,"audioPlay":false,"sceneViewState":{"showFog":true,"showMaterialUpdate":false,"showSkybox":false,"showFlares":true,"showImageEffects":true,"showParticleSystems":true},"in2DMode":false,"pivot":{"x":1.4901161193847657e-8,"y":0.0,"z":-2.9802322387695315e-8},"rotation":{"x":-0.2979116439819336,"y":0.14758256077766419,"z":-0.046675778925418857,"w":-0.9419603943824768},"size":0.857374906539917,"orthographic":false}