{"cameraMode":{"drawMode":0,"name":"Shaded","section":"Shading Mode"},"sceneLighting":false,"audioPlay":false,"sceneViewState":{"showFog":true,"showMaterialUpdate":false,"showSkybox":false,"showFlares":true,"showImageEffects":true,"showParticleSystems":true},"in2DMode":false,"pivot":{"x":-0.0011281287297606469,"y":0.05870501697063446,"z":0.03477045148611069},"rotation":{"x":-0.14319594204425813,"y":0.091869056224823,"z":-0.0133509561419487,"w":-0.9853308200836182},"size":0.30829745531082156,"orthographic":false}