{"cameraMode":{"drawMode":0,"name":"Shaded","section":"Shading Mode"},"sceneLighting":false,"audioPlay":false,"sceneViewState":{"showFog":true,"showMaterialUpdate":false,"showSkybox":false,"showFlares":true,"showImageEffects":true,"showParticleSystems":true},"in2DMode":false,"pivot":{"x":8.625980377197266,"y":-2.416130304336548,"z":3.3401291370391847},"rotation":{"x":-0.0768863782286644,"y":-0.6420124173164368,"z":0.06494490057229996,"w":-0.7600597143173218},"size":16.57103729248047,"orthographic":false}