{"cameraMode":{"drawMode":0,"name":"Shaded","section":"Shading Mode"},"sceneLighting":false,"audioPlay":false,"sceneViewState":{"showFog":true,"showMaterialUpdate":false,"showSkybox":false,"showFlares":true,"showImageEffects":true,"showParticleSystems":true},"in2DMode":false,"pivot":{"x":-0.4189555048942566,"y":1.6695036888122559,"z":0.71435546875},"rotation":{"x":0.11248522251844406,"y":0.7009798288345337,"z":-0.11352325230836868,"w":0.6950706243515015},"size":2.3261842727661135,"orthographic":false}